dataset,T,train_ratio_pct,micro_f1,macro_f1
blogcatalog,1,10,33.04,14.86
blogcatalog,1,20,35.51,17.3
blogcatalog,1,30,36.55,18.55
blogcatalog,1,40,37.36,19.58
blogcatalog,1,50,37.85,20.2
blogcatalog,1,60,38.17,20.59
blogcatalog,1,70,38.49,21.05
blogcatalog,1,80,38.9,21.36
blogcatalog,1,90,39.42,21.17
blogcatalog,10,10,38.36,22.9
blogcatalog,10,20,40.47,25.42
blogcatalog,10,30,41.63,26.89
blogcatalog,10,40,42.24,27.59
blogcatalog,10,50,42.77,28.05
blogcatalog,10,60,43.03,28.47
blogcatalog,10,70,43.28,28.49
blogcatalog,10,80,43.54,28.73
blogcatalog,10,90,44.11,29.21
ppi,1,10,16.01,12.1
ppi,1,20,19.18,15.43
ppi,1,30,20.48,16.84
ppi,1,40,21.4,17.85
ppi,1,50,22.32,18.88
ppi,1,60,22.59,19.1
ppi,1,70,22.93,19.51
ppi,1,80,23.39,19.7
ppi,1,90,23.83,19.84
ppi,10,10,18.16,14.32
ppi,10,20,20.31,16.69
ppi,10,30,21.65,18.22
ppi,10,40,22.59,19.17
ppi,10,50,23.31,19.88
ppi,10,60,23.9,20.26
ppi,10,70,24.42,20.73
ppi,10,80,25.17,21.35
ppi,10,90,25.3,21.0
wikipedia,1,10,50.56,9.3
wikipedia,1,20,54.32,11.54
wikipedia,1,30,56.18,12.36
wikipedia,1,40,57.29,13.0
wikipedia,1,50,57.78,13.66
wikipedia,1,60,58.34,14.33
wikipedia,1,70,58.51,14.03
wikipedia,1,80,58.7,14.19
wikipedia,1,90,58.97,13.43
wikipedia,10,10,46.51,8.58
wikipedia,10,20,48.77,9.82
wikipedia,10,30,49.98,10.24
wikipedia,10,40,50.67,10.32
wikipedia,10,50,51.2,10.51
wikipedia,10,60,51.37,10.73
wikipedia,10,70,51.56,10.76
wikipedia,10,80,51.89,10.8
wikipedia,10,90,52.59,11.16
flickr,1,10,30.59,13.65
flickr,1,20,31.87,15.24
flickr,1,30,32.45,15.94
flickr,1,40,32.84,16.40
flickr,1,50,33.11,16.74
flickr,1,60,33.27,17.00
flickr,1,70,33.44,17.26
flickr,1,80,33.62,17.46
flickr,1,90,33.78,17.60
flickr,10,10,37.35,21.94
flickr,10,20,38.25,23.81
flickr,10,30,38.56,24.57
flickr,10,40,38.84,25.17
flickr,10,50,39.01,25.58
flickr,10,60,39.16,25.83
flickr,10,70,39.26,26.04
flickr,10,80,39.32,26.15
flickr,10,90,39.34,26.19
